LC,Accession Number,"Author, Primary","Authors, Multiple",Barcode,Bibliographic Format,Branch,Collection/Status,Copy,Corporate Author,Cost,Date Touched,Description,Edition,General Material Designation,Home Branch,ISBN,ISBN-Normal,ISBN-Normal 10,LC Classification 1,LCCN,Place of Publication,Publication Dates,Publication Year,Publisher,Series,Status,"Subject Headings, LC",Title,"Titles, Alternate"
GB 658 .C43 2005,022015,"Chalufour, Ingrid","Chalufour, Ingrid;Worth, Karen",022015,Monograph,Learning Commons,Activity,,,,,129 p. : ill. ; 28 cm.,,text,Learning Commons,1929610548 (pbk.),9781929610549,1929610548,GB 658 .C43 2005,2004029765,"St. Paul, Minn.",c2005,2005,Redleaf Press,,Available,Water - Study and teaching (Early childhood);Water - Experiments,Exploring water with young children,
QC 981.3 .A38 1993,022465,Scholastic Inc,,022465,Monograph,Learning Commons,Activity,,"Scholastic Inc;Franklin Institute (Philadelphia, Pa.)",4,,32 p. : col. ill. ; 28 cm.,,text,Learning Commons,0590261355,9780590261357,0590261355,QC 981.3 .A38 1993,,"New York, N.Y.",c1993,1993,Scholastic,,Available,Weather - Study and teaching (Primary);Air - Study and teaching (Primary);Water - Study and teaching (Primary),"Air, sun, and water : how weather works","Air, sun, & water"
GB 1002.25 .W38 2009,021433,"Soukhome, Jennifer","Soukhome, Jennifer",021433,Monograph,Learning Commons,Act-nonc,,,,,"xvi, 175 p. : ill. ; 28 cm.",,text,Learning Commons,9781933531489,9781933531489,1933531487,GB 1002.25 .W38 2009,2009011292,"Arlington, Va.",c2009,2009,"NSTA Press, National Science Teachers Association",,Non-Circulating,Watersheds - Study and teaching (Secondary) - Activity programs;Watershed ecology - Study and teaching (Secondary) - Activity programs;Water quality - Study and teaching (Secondary) - Activity programs;Stream measurements - Study and teaching (Secondary) - Activity programs,Watershed investigations : 12 labs for high school science,
GB 1002.25 .W38 2009,020652,"Soukhome, Jennifer","Soukhome, Jennifer",020652,Monograph,Learning Commons,Activity,,,,,"xvi, 175 p. : ill. ; 28 cm.",,text,Learning Commons,9781933531489,9781933531489,1933531487,GB 1002.25 .W38 2009,2009011292,"Arlington, Va.",c2009,2009,"NSTA Press, National Science Teachers Association",,Available,Watersheds - Study and teaching (Secondary) - Activity programs;Watershed ecology - Study and teaching (Secondary) - Activity programs;Water quality - Study and teaching (Secondary) - Activity programs;Stream measurements - Study and teaching (Secondary) - Activity programs,Watershed investigations : 12 labs for high school science,
HD 1695 .K55 .V5 2010,020536,"Jensen, Judith","Jensen, Judith;Luxton, Susan",020536,Monograph,Learning Commons,General,,Educational Solutions (Organization);Oregon Watershed Enhancement Board;Walter S. Johnson Foundation,,,"1 videodisc (ca. 59 min.) : sd., col. with b&w sequences ; 4 3/4 in.",,videorecording,Learning Commons,,,,HD 1695 .K55 .V5 2010,,"Klamath Falls, Or.",c2010,2010,Educational Solutions,,Available,Water rights;Fishes - Habitat;Fisheries - California,Vision of the river : working together on the Klamath,
HD 1695 .K55 .V5 2010,020542,"Jensen, Judith","Jensen, Judith;Luxton, Susan",020542,Monograph,Learning Commons,Gen-nonc,,Educational Solutions (Organization);Oregon Watershed Enhancement Board;Walter S. Johnson Foundation,,,"1 videodisc (ca. 59 min.) : sd., col. with b&w sequences ; 4 3/4 in.",,videorecording,Learning Commons,,,,HD 1695 .K55 .V5 2010,,"Klamath Falls, Or.",c2010,2010,Educational Solutions,,Available,Water rights;Fishes - Habitat;Fisheries - California,Vision of the river : working together on the Klamath,
QC 920 .Z38 2009 ,020187,"Zdravic, Andrej","Zdravic, Andrej;Doherty, Paul",020187,DVD,Learning Commons,General,,"Exploratorium (San Francisco, Calif.)",,,"1 videodisc : sd., col. & b&w ; 4 3/4 in.",Combined edition,DVD/videorecording,Learning Commons,,,,QC 920 .Z38 2009,,"San Francisco, Calif.",c.2009,2009,Canyon Cinema,,Available,Forms of water;Hydrologic cycle;Glaciers;Geysers,Water cycle/water wave,
TD 224 H83 2001,021161,"Hundley, Norris","Hundley, Norris",021161,Monograph,Learning Commons,General,,,,,"xxiii, 799 p. : ill., maps ; 24 cm.",Rev. ed.,text,Learning Commons,0520224558 (cloth : alk. paper),9780520224551,0520224558,TD 224 H83 2001,00059002,Berkeley,c2001,2001,University of California Press,,Available,Water-supply - California - History;Watervoorziening;California - History,The great thirst : Californians and water -a history,
GE 155 .C2 S28 2009,022645,"Blatman, Ron","Blatman, Ron;Saunders, Miles;Redford, Robert",022645,DVD,Learning Commons,General,,"Ronald M. Blatman, Inc;KQED-TV (Television station : San Francisco, Calif.);KTEH-TV (Television station : San Jose, Calif.)",,2013-05-15 09:31:00.170,"2 videodiscs (ca. 240 min.) : sd., col. and b&w ; 4 3/4 in.",,videorecording,Learning Commons,,,,GE 155 .C2 S28 2009,,San Francisco,c2009,2009,"Ronald M. Blatman, Inc., and KQED/KTEH Public Television",,On Loan,"Save the Bay (Oakland, Calif.);Environmental protection - California - San Francisco Bay Area - Citizen participation;Environmental protection - California - San Francisco Bay Area - History;Environmentalism - California - San Francisco Bay Area;Water quality management - California - San Francisco Bay Area;Water quality management - California - San Francisco Bay Area - History;San Francisco Bay (Calif.) - Environmental conditions;San Francisco Bay (Calif.) - History",Saving the bay : the story of San Francisco Bay,
GE 155 .C2 S28 2009,022646,"Blatman, Ron","Blatman, Ron;Saunders, Miles;Redford, Robert",022646,DVD,Learning Commons,Gen-nonc,,"Ronald M. Blatman, Inc;KQED-TV (Television station : San Francisco, Calif.);KTEH-TV (Television station : San Jose, Calif.)",39.99000000000000199,2013-07-17 15:00:10.077,"2 videodiscs (ca. 240 min.) : sd., col. and b&w ; 4 3/4 in.",,videorecording,Learning Commons,,,,GE 155 .C2 S28 2009,,San Francisco,c2009,2009,"Ronald M. Blatman, Inc., and KQED/KTEH Public Television",,On Loan,"Save the Bay (Oakland, Calif.);Environmental protection - California - San Francisco Bay Area - Citizen participation;Environmental protection - California - San Francisco Bay Area - History;Environmentalism - California - San Francisco Bay Area;Water quality management - California - San Francisco Bay Area;Water quality management - California - San Francisco Bay Area - History;San Francisco Bay (Calif.) - Environmental conditions;San Francisco Bay (Calif.) - History",Saving the bay : the story of San Francisco Bay,
TJ 820 .K36 2009,022851,"Kamkwamba, William","Kamkwamba, William;Mealer, Bryan",022851,Monograph,Learning Commons,General,,,,,"273 p. : ill., map ; 24 cm.",1st ed.,text,Learning Commons,9780061730337   (pbk),9780061730337,0061730335,TJ 820 .K36 2009,2010275963,"New York, NY",c2009,2009,William Morrow,,Available,"Kamkwamba, William, 1987-;Windmills - Malawi;Inventors - Malawi;Water-supply, Rural - Malawi;Rural electrification - Malawi;Electric power production - Malawi;Malawi - Rural conditions",The boy who harnessed the wind : creating currents of electricity and hope,
GB 1002.25 .W28 2004,020603,"Carlsen, William S","Carlsen, William S",020603,Monograph,Learning Commons,Activity,,,,,"xiii, 175 p. : ill., map ; 28 cm.",Student ed.,text,Learning Commons,087355213X,9780873552134,087355213X,GB 1002.25 .W28 2004,2004002042,"Arlington, Va.",c2004,2004,National Science Teachers Association,,Available,Watersheds - Study and teaching (Secondary) - Activity programs;Watershed ecology - Study and teaching (Secondary) - Activity programs;Water quality - Study and teaching (Secondary) - Activity programs,Watershed dynamics,
GB 1002.25 .W28 2004,020637,"Carlsen, William S","Carlsen, William S",020637,Monograph,Learning Commons,Act-nonc,,,,,"xiii, 175 p. : ill., map ; 28 cm.",Student ed.,text,Learning Commons,087355213X,9780873552134,087355213X,GB 1002.25 .W28 2004,2004002042,"Arlington, Va.",c2004,2004,National Science Teachers Association,,Non-Circulating,Watersheds - Study and teaching (Secondary) - Activity programs;Watershed ecology - Study and teaching (Secondary) - Activity programs;Water quality - Study and teaching (Secondary) - Activity programs,Watershed dynamics,
GB 1002.25 .W28 2004,021631,"Carlsen, William S","Carlsen, William S",021631,Monograph,Learning Commons,Act-nonc,,,,,"xiii, 175 p. : ill., map ; 28 cm.",Student ed.,text,Learning Commons,087355213X,9780873552134,087355213X,GB 1002.25 .W28 2004,2004002042,"Arlington, Va.",c2004,2004,National Science Teachers Association,,Non-Circulating,Watersheds - Study and teaching (Secondary) - Activity programs;Watershed ecology - Study and teaching (Secondary) - Activity programs;Water quality - Study and teaching (Secondary) - Activity programs,Watershed dynamics,
GB 1002.25 .W28 2004,020637,"Carlsen, William S","Carlsen, William S",020677,Monograph,Learning Commons,Activity,,,,,"xiii, 175 p. : ill., map ; 28 cm.",Student ed.,text,Learning Commons,087355213X,9780873552134,087355213X,GB 1002.25 .W28 2004,2004002042,"Arlington, Va.",c2004,2004,National Science Teachers Association,,Available,Watersheds - Study and teaching (Secondary) - Activity programs;Watershed ecology - Study and teaching (Secondary) - Activity programs;Water quality - Study and teaching (Secondary) - Activity programs,Watershed dynamics,
LB 1027.25 .G47 2007,020581,"Gertz, Susan E","Gertz, Susan E",020581,Monograph,Learning Commons,Activity,,,,,72 p. : ill. ; 28 cm.,,text,Learning Commons,9781883822439,9781883822439,1883822432,LB 1027.25 .G47 2007,2010280129,"Middletown, Ohio",c2007,2007,Terrific Science Press,,Available,Water - Study and teaching - Activity programs;Activity programs in education,Wet your whistle! : drinking water activity handbook,
LB 1027.25 .G47 2007,020583,"Gertz, Susan E","Gertz, Susan E",020583,Monograph,Learning Commons,Act-nonc,,,,,72 p. : ill. ; 28 cm.,,text,Learning Commons,9781883822439,9781883822439,1883822432,LB 1027.25 .G47 2007,2010280129,"Middletown, Ohio",c2007,2007,Terrific Science Press,,Non-Circulating,Water - Study and teaching - Activity programs;Activity programs in education,Wet your whistle! : drinking water activity handbook,
GB 662.3 .B85 2012,022734,"Bullard, Lisa","Bullard, Lisa;Xiao Xin",022734,Monograph,Learning Commons,General,,,,,24 p. : col. ill. ; 26 cm.,,text,Learning Commons,9780761385172 (pbk.),9780761385172,0761385177,GB 662.3 .B85 2012,2010053299,Minneapolis,c2012,2012,Millbrook Press,,Available,Water - Juvenile literature;Water - Pollution - Juvenile literature;Water;Water - Pollution,Watch over our water,
HE 554 .S2 C67 2010,1442,"Corbett, Michael R","Corbett, Michael R",B1442,Monograph,Bay Observatory,Gen-nonc,,,,,"248 p. : ill. (some col.), maps (some col.) ; 29 cm.",,text,Bay Observatory,9780615398310,9780615398310,0615398316,HE 554 .S2 C67 2010,,"San Francisco, Calif.",2010,2010,San Francisco Architectural Heritage,,Non-Circulating,"Port of San Francisco (Calif.) - History;Waterfronts - California - San Francisco - History;Harbors - California - San Francisco - History;Shipping - California - San Francisco - History;Historic buildings - California - San Francisco;San Francisco (Calif.) - Buildings, structures, etc","Port city : the history and transformation of the Port of San Francisco, 1848-2010",
TD 220 .C3 1993,6213,"Reisner, Marc","Reisner, Marc",007899,Monograph,Learning Commons,General,,,,,"viii, 582 p., [8] p. of plates : ill., maps ; 22 cm.",Rev. and updated,text,,0140178244 (pbk.) :,9780140178241,0140178244,HD1739.A17 R45 1993,93173272,"New York, N.Y., U.S.A.",1993,1993,Penguin Books,,Available,Irrigation - Government policy - West (U.S.) - History;Water resources development - Government policy - West (U.S.) - History;Political corruption - West (U.S.) - History;Political corruption;Water resources development;Irrigation,Cadillac desert : the American West and its disappearing water,
GE 195.7 .C76 1996,012098,"Stapp, William B","Stapp, William B",012098,Monograph,Learning Commons,Act-nonc,,Global Rivers Environmental Education Network,,,"iv, 149 p. : ill. ; 23 cm.",,text,Learning Commons,0787223905,9780787223908,0787223905,,,"Dubuque, Iowa",c1996,1996,Kendall/Hunt,,Available,Watershed management - Study and teaching;Multicultural education - Activity programs;Environmental education,Cross cultural watershed partners : activities manual,
GE 195.7 .C76 1996,7641,"Stapp, William B","Stapp, William B",012097,Monograph,Learning Commons,Activity,,Global Rivers Environmental Education Network,,,"iv, 149 p. : ill. ; 23 cm.",,text,,0787223905,9780787223908,0787223905,,,"Dubuque, Iowa",c1996,1996,Kendall/Hunt,,Available,Watershed management - Study and teaching;Multicultural education - Activity programs;Environmental education,Cross cultural watershed partners : activities manual,
QH 87.3 .D45 W65 2003,1463,"Wolff, Jane","Wolff, Jane;Starr, Kevin",B1463,Monograph,Bay Observatory,Gen-nonc,,,,,"195 p. : ill. (some col.), maps (some col.) ; 25 cm.",,text,Bay Observatory,0970973179 (hardcover),9780970973177,0970973179,QH 87.3 .D45 W65 2003,2003107768,"San Francisco : Santa Monica, CA",c2003,2003,William Stout Publishers ;;Distributed in North America by RAM Publications and Distribution,,Non-Circulating,Delta Region (Calif.) - Pictorial works;Watershed management - California;Wetland conservation;Shore protection;Ecology;Delta Region (Calif.) - Geography;Delta Region (Calif.) - Pictorial works. - Environmental conditions,Delta primer : a field guide to the California Delta,
QH 87.3 .D45 W65 2003,8924,"Wolff, Jane","Wolff, Jane;Starr, Kevin",019493,Monograph,Learning Commons,Activity,,,,2015-04-27 11:25:38.517,"195 p. : ill. (some col.), maps (some col.) ; 25 cm.",,text,,0970973179 (hardcover),9780970973177,0970973179,QH 87.3 .D45 W65 2003,2003107768,"San Francisco : Santa Monica, CA",c2003,2003,William Stout Publishers ;;Distributed in North America by RAM Publications and Distribution,,Available,Delta Region (Calif.) - Pictorial works;Watershed management - California;Wetland conservation;Shore protection;Ecology;Delta Region (Calif.) - Geography;Delta Region (Calif.) - Pictorial works. - Environmental conditions,Delta primer : a field guide to the California Delta,
GB 662.3 .W53 1997,7111,"Wick, Walter","Wick, Walter",010617,Monograph,Learning Commons,General,,,,2015-04-27 11:25:07.767,40 p. : col. ill. ; 30 cm.,,text,,0590221973,9780590221979,0590221973,GB 662.3 .W53 1997,95030068,New York,c1997,1997,Scholastic,,Available,Water - Juvenile literature;Water,A drop of water : a book of science and wonder,
TD 388.5 E68 1996,012134,California. Dept. of Water Resources,,012134,Monograph,Learning Commons,Act-nonc,,California. Dept. of Water Resources;California. Dept. of Education;Sonoma State University,,,"viii, 43 p. : ill. ; 22 x 29 cm.",,text,Learning Commons,,,,TD 388.5 E68 1996,,California,[1996],1996,California Dept. of Water Resources,,Available,Ecology - Study and teaching;Water-supply;Water;Water - California,Environmental education : compendium for water resources,Compendium for water resources
TD 422 .R93 1993,478,"Rybolt, Thomas R","Rybolt, Thomas R;Mebane, Robert C",002296,Monograph,Learning Commons,Activity,,,,,96 p. : ill. ; 24 cm.,,text,,0894904108 (lib. ed.),9780894904103,0894904108,TD 422 .R93 1993,92041235,"Hillside, NJ, U.S.A.",c1993,1993,Enslow Publishers,,Available,Water - Pollution - Experiments - Juvenile literature;Water - Purification - Experiments - Juvenile literature;Water - Experiments - Juvenile literature;Water - Experiments;Water - Pollution - Experiments;Water - Purification - Experiments;Acid rain - Experiments;Experiments;Hydrologic cycle - Experiments;Water cycles - Experiments,Environmental experiments about water,
QC 145 .M87 1991,005681,"Murphy, Bryan","Murphy, Bryan",005681,Monograph,Learning Commons,Activity,,,,,32 p.,,text,Learning Commons,1882210966,9781882210961,1882210966,,,"Ocala, FL",[1991?],1991,Action Pub.,,Available,Water - Experiments - Juvenile literature;Fluid mechanics - Experiments - Juvenile literature;Water cycles - Experiments,Experiment with water,
QC 145 .M87 1991,5458,"Murphy, Bryan","Murphy, Bryan",005675,Monograph,Learning Commons,Act-nonc,,,,,32 p.,,text,,1882210966,9781882210961,1882210966,,,"Ocala, FL",[1991?],1991,Action Pub.,,Available,Water - Experiments - Juvenile literature;Fluid mechanics - Experiments - Juvenile literature;Water cycles - Experiments,Experiment with water,
QL 681 .B37 2007,019917,"Bartley, Eddie","Bartley, Eddie;Chambers, Mark",019917,Monograph,Learning Commons,General,,,,,"85 p. : col. ill., col. map ; 21 cm.",,text,Learning Commons,,,,598.0979 F455,,"[San Francisco, Calif.",c2007,2007,Nature Trip],,Available,"Birds - California - San Francisco (Calif.) - Identification;Bird watching - California - San Francisco Bay Area;Ecology - California - San Francisco Bay;Wetlands;Water birds - San Francisco - California - Identification;Heron's Head Park (San Francisco, Calif.)","A field guide to 100 birds of Heron's Head : Islais Creek to Candlestick Point, San Francisco",One hundred birds of Heron's Head;Field guide to one hundred birds of Heron's Head;100 birds of Heron's Head
QL 681 .B37 2007,8962,"Bartley, Eddie","Bartley, Eddie;Chambers, Mark",019916,Monograph,Learning Commons,General,,,,,"85 p. : col. ill., col. map ; 21 cm.",,text,,,,,598.0979 F455,,"[San Francisco, Calif.",c2007,2007,Nature Trip],,Available,"Birds - California - San Francisco (Calif.) - Identification;Bird watching - California - San Francisco Bay Area;Ecology - California - San Francisco Bay;Wetlands;Water birds - San Francisco - California - Identification;Heron's Head Park (San Francisco, Calif.)","A field guide to 100 birds of Heron's Head : Islais Creek to Candlestick Point, San Francisco",One hundred birds of Heron's Head;Field guide to one hundred birds of Heron's Head;100 birds of Heron's Head
TD 367 .S69 1995,3981,"Stapp, William B","Stapp, William B;Mitchell, Mark K",001523,Monograph,Learning Commons,General,,,,,"vii, 335 p. : ill., map ; 23 cm.",1st ed.,text,,,,,,,"Dexter, MI",c1995,1995,Thomson-Shore,,Available,Water quality;Water quality - Measurement;Water quality biological assessment;Water - Pollution - Measurement;Stream ecology,Field manual for global low-cost water quality monitoring,
TD 367 .M58 1995,2938,"Mitchell, Mark K","Mitchell, Mark K;Stapp, William B",002483,Monograph,Learning Commons,Activity,,,,,272 p. : ill. ; 23 cm.,9th ed.,text,,,,,,,"Dexter, Mich.",c1995,1995,Thomson-Shore,,Available,"Water quality - Measurement - Handbooks, manuals, etc;Water quality - Study and teaching;Freshwater ecology - Study and teaching",Field manual for water quality monitoring : an environmental education program for schools,
GC 21.5 .S56 1988b,007916,"Simon, Seymour","Simon, Seymour;Carter, David A",007916,Monograph,Learning Commons,Activity,,,,2012-12-04 16:47:48.900,136 p. : ill. ; 22 cm.,,text,Learning Commons,0397322917,9780397322916,0397322917,551.46/007/8,,"New York, NY",c1988,1988,HarperCollins,,Available,Oceanography - Experiments - Juvenile literature;Seawater - Experiments - Juvenile literature;Water - Experiments - Juvenile literature,How to be an ocean scientist in your own home,
GC 21.5 .S56 1988b,6217,"Simon, Seymour","Simon, Seymour;Carter, David A",007915,Monograph,Learning Commons,Act-nonc,,,,,136 p. : ill. ; 22 cm.,,text,,0397322917,9780397322916,0397322917,551.46/007/8,,"New York, NY",c1988,1988,HarperCollins,,Available,Oceanography - Experiments - Juvenile literature;Seawater - Experiments - Juvenile literature;Water - Experiments - Juvenile literature,How to be an ocean scientist in your own home,
TD224.C3 C3723 2004,8511,"Carle, David","Carle, David",017309,Monograph,Learning Commons,General,,,,,"xv, 261 p. : col. ill., col. maps ; 20 cm.",,text,,0520235800 (alk. paper),9780520235809,0520235800,TD224.C3 C3723 2004,2003061246,Berkeley,c2004,2004,University of California Press,California natural history guides; 76,Available,Water-supply - California;Hydrology - California;Water-supply - California - Management,Introduction to water in California,
GB 661.2 .B35 1999,7716,"Ball, Philip","Ball, Philip",012139,Monograph,Learning Commons,General,,,,,"xii, 417 p. : ill., maps ; 24 cm.",1st ed.,text,,0374186286 (alk.  paper),9780374186289,0374186286,GB 661.2 .B35 1999,99059110,New York,c1999,1999,"Farrar, Straus and Giroux",,Available,Water,Life's matrix : a biography of water,H2O.
TD 487 .C64 1986,3249,"Cole, Joanna","Cole, Joanna;Degen, Bruce",002518,Monograph,Learning Commons,General,,,,,39 p. : col. ill. ; 20 x 24 cm.,,text (large print),,,,,,,New York,c1986,1986,Scholastic Inc.,,Available,"Waterworks - Juvenile literature;Hydrology - Juvenile literature;Waterworks;Frizzle, Ms. (Fictitious character)",The magic school bus at the waterworks,Magic school bus (Television program)
GB 5014 .M44 2006,019372,"Joseph, John","Joseph, John;Martin, J. V;Nelson, Erik",019372,DVD,Learning Commons,General,,New Video Group;Creative Differences Media;Arts and Entertainment Network;History Channel (Firm),,2015-04-27 11:26:36.953,"1 videodisc (ca. 50 min.) : sd., col. with b&w sequences ; 4 3/4 in.",,videorecording,Learning Commons,,,,GB 5014 .M44 2006,,New York,c2006,2006,A & E Home Video ,,Available,Watershed management - California;Disaster films;Documentary television programs;Floods,Mega disasters California's Katrina,Mega disasters (Television program);California's Katrina
TD 220 .C58 2001b,019375,"Raphael, Max","Raphael, Max;Nash, Bruce M;Peabody, Fred",019375,DVD,Learning Commons,General,,New Video Group;History Channel (Firm);A&E Home Video (Firm);Actuality Productions,,,"1 videodisc (ca. 50 min.) : sd., col. ; 4 3/4 in.",,DVD/videorecording,Learning Commons,,,,TD 220 .C58 2001b,,New York,2001,2001,A & E Home Video ,,Available,City planning;Waterworks;Water;Cities and towns - Growth;Civil engineering;Environmental engineering;Documentary television programs,Modern marvels. City Water,Ice.;Modern marvels
TD 220 .C58 2001,019714,"Peabody, Fred","Peabody, Fred;Genin, Beate;Nash, Bruce M;Raphael, Max;Cambou, Don",019714,DVD,Learning Commons,General,,History Channel (Firm);New Video Group;A&E Home Video (Firm);Actuality Productions,,,"1 videodisc (ca. 50 min.) : sd., col. ; 4 3/4 in.",,DVD/videorecording,Learning Commons,,,,TD 220 .C58 2001,,New York,2001,2001,A & E Home Video ,,Available,City planning;Cities and towns - Growth;Sewage disposal in the ocean;Sewage;Documentary television programs;Water;Civil engineering;Waterworks;Environmental engineering;Water - Pollution,Modern marvels. Sewers,Sewers..;Modern marvels
QH 87.3 .M38 2008,020051,"McTamaney, Fran","McTamaney, Fran;Moore, Genie;Spakoff, Sandy;Hutzel, Amy",020051,Monograph,Learning Commons,Activity,,Don Edwards San Francisco Bay National Wildlife Refuge,,,p. 336: ill. ; 28 cm.,"Sixth edition, Fall 2008. Looseleaf; includes copy masters for activities.",text,Learning Commons,,,,,,"Alviso, Calif.",2008,2008,Don Edwards San Francisco Bay National Wildlife Refuge,,Available,Water resources;Watershed management - California;Ecology - California - San Francisco Bay;Wetland ecology - Activity programs;Estuaries;Aquatic biology - California - San Francisco Bay Region. - California;San Francisco Bay Area (Calif.) - Description and travel,Salt marsh manual : an educator's guide for the wetland roundtrip fied trip,
TD 224 .S42 2000,018900,Save San Francisco Bay Association (Save the Bay),,018900,Monograph,Learning Commons,Activity,,Save San Francisco Bay Association (Save the Bay),,2013-08-01 12:57:38.473,300 p. + 37 p. appendices : ill. ; 30 cm.,Looseleaf; includes copy masters for activities.,text,Learning Commons,,,,,,"Oakland, Calif.?",2000,2000,Save The Bay,,Available,Water resources;Watershed management - California;Ecology - California - San Francisco Bay;Wetland ecology - Activity programs;San Francisco Bay Area (Calif.) - Description and travel,San Francisco Bay Watershed Curriculum ; a collection of activities and action projects about the .San Francisco Bay Watershed for middle and high school students,
TD 224 .S42 2000,018769,Save San Francisco Bay Association (Save the Bay),,018769,Monograph,Learning Commons,Activity,,Save San Francisco Bay Association (Save the Bay),,,300 p. + 37 p. appendices : ill. ; 30 cm.,Looseleaf; includes copy masters for activities.,text,Learning Commons,,,,,,"Oakland, Calif.?",2000,2000,Save The Bay,,Available,Water resources;Watershed management - California;Ecology - California - San Francisco Bay;Wetland ecology - Activity programs;San Francisco Bay Area (Calif.) - Description and travel,San Francisco Bay Watershed Curriculum ; a collection of activities and action projects about the .San Francisco Bay Watershed for middle and high school students,
TD 225 .S25 H26x 2002,8333,"Hanson, Warren D","Hanson, Warren D;Wurm, Theadore;Leonard, James H",016031,Monograph,Learning Commons,General,,,,2013-07-11 13:40:35.117,"60 p. : ill., map, ports. ; 30 cm.",,text,,,,,,,San Francisco,2002,2002,San Francisco Public Utility Commission,,Available,Hetch Hetchy Railroad;Water-supply engineering;Water resources development - United States;Water-supply - West (U.S.) - History;Hetch Hetchy Valley (Calif.);San Francisco (Calif.) - History,San Francisco Water and Power : a history of the Muncipal Water Department and Hetch Hetchy System,
GE 195.7 .S684 1996,6169,"Cole-Misch, Sally","Cole-Misch, Sally;Price, Larry;Schmidt, David",007854,Monograph,Learning Commons,Activity,,Global Rivers Environmental Education Network,,2013-08-01 12:57:22.333,"vii, 202 p. : ill., maps ; 28 cm.",,text,,0787223727,9780787223724,0787223727,GE 195.7 .S684 1996,96229750,"Dubuque, Iowa",c1996,1996,Kendall/Hunt Pub. Co.,,Available,Environmental responsibility - Study and teaching;Watersheds - Study and teaching;Environmental protection - Citizen participation - Study and teaching,Sourcebook for watershed education,
GE 195.7 .S684 1996,007855,"Cole-Misch, Sally","Cole-Misch, Sally;Price, Larry;Schmidt, David",007855,Monograph,Learning Commons,Act-nonc,,Global Rivers Environmental Education Network,,,"vii, 202 p. : ill., maps ; 28 cm.",,text,Learning Commons,0787223727,9780787223724,0787223727,GE 195.7 .S684 1996,96229750,"Dubuque, Iowa",c1996,1996,Kendall/Hunt Pub. Co.,,Available,Environmental responsibility - Study and teaching;Watersheds - Study and teaching;Environmental protection - Citizen participation - Study and teaching,Sourcebook for watershed education,
GB 671 .L39 1974,4855,"Leopold, Luna Bergere","Leopold, Luna Bergere",004123,Monograph,Learning Commons,General,,,,,"xvi, 172 p. illus. 24 cm.",,text,TI Classroom,0716702649,9780716702641,0716702649,GB 671 .L39 1974,73019844,"San Francisco,",[1974],1974,W. H. Freeman,,Lost,Water,Water; a primer,
TD 370 .W383 1995,5094,Globe Fearon Educational Publisher,,004764,Monograph,Learning Commons,Activity,,Globe Fearon Educational Publisher,,,"iv, 92 p. : ill. (some col.), map ; 26 cm.",,text,,0835907457,9780835907453,0835907457,TD 370 .W383 1995,94224633,"Paramus, N.J.",c1995,1995,Fearon Teacher Aids,"Environmental science (Paramus, N.J.); ;Environmental science; ",Available,Water-supply - Juvenile literature;Air - Pollution;Air - Pollution - Juvenile literature;Environmental sciences;Water-supply,Water and air.,
GB 980 .R46 2005,019998,"Rennie, John","Rennie, John",019998,Monograph,Learning Commons,General,,,,,p.80 illus. 29 cm.,,text,Learning Commons,,,,GB 980 .R46 2005,,"San Francisco,",[2005],2005,W. H. Freeman,,Available,Water conservation;Water - Pollution;Wetland conservation;Hydrodynamics;Ocean-atmosphere interaction;Fluid mechanics;Climatic changes;Global warming;Environmental sciences,The water of life: our planet's most valuable resource ; readings from Scientific American.,Scientific American
GB 658.5 .W38 1988,002761,"Wiebe, Arthur J","Wiebe, Arthur J;Hillen, Judith;Youngs, Dave;Allen, Maureen;Cantu, Max;Hammeras, Lori",002761,Monograph,Learning Commons,Act-nonc,,AIMS Education Foundation,,,"vii, 91 leaves : ill. ; 29 cm.",,text,Learning Commons,1881431223,9781881431220,1881431223,GB 658.5 .W38 1988,,"Fresno, Calif.",c1988,1988,AIMS Education Foundation,,Non-Circulating,"Water - Experiments - Juvenile literature;Science - Experiments - Juvenile literature;Mathematics - Study and teaching (Elementary);Mathematics - Problems, exercises, etc;Science - Study and teaching (Elementary)",Water precious water,
GB 658.5 .W38 1988,440,"Wiebe, Arthur J","Wiebe, Arthur J;Hillen, Judith;Youngs, Dave;Allen, Maureen;Cantu, Max;Hammeras, Lori",007213,Monograph,Learning Commons,Activity,,AIMS Education Foundation,,,"vii, 91 leaves : ill. ; 29 cm.",,text,,1881431223,9781881431220,1881431223,GB 658.5 .W38 1988,,"Fresno, Calif.",c1988,1988,AIMS Education Foundation,,Available,"Water - Experiments - Juvenile literature;Science - Experiments - Juvenile literature;Mathematics - Study and teaching (Elementary);Mathematics - Problems, exercises, etc;Science - Study and teaching (Elementary)",Water precious water,
QC 145.24 .G66 2004,8679,"Goodstein, Madeline P","Goodstein, Madeline P",017917,Monograph,Learning Commons,Activity,,,,,128 p. : ill. ; 24 cm.,,text,,0766021246 (lib. bdg.),9780766021242,0766021246,QC 145.24 .G66 2004,2003008510,"Berkeley Heights, NJ",c2004,2004,Enslow Publishers,,Available,Water - Experiments - Juvenile literature;Water - Experiments;Experiments;Change of state (Physics) - Study and teaching (Secondary);Surface tension,"Water science fair projects : using ice cubes, super soakers, and other wet stuff",
TD 388 .B39 2008,020030,Bay Area Regional Water Recycling Program (BARWRP),,020030,Monograph,Learning Commons,Activity,,Bay Area Regional Water Recycling Program (BARWRP),,,78 p. : ill. ; 28 cm.,,text,Learning Commons,,,,TD 388 .B39 2008,,[Walnut Creek,2008],2008,Bay Area Regional Water Recycling Program,,Available,Water conservation;Watershed management - California;Wetland ecology - Activity programs;Water cycles;Ecology - California - San Francisco Bay,"Water supply issues : Quality, recycling and the environment / middle school curriculum",
QC 863.5 .W34 2003,019447,,,019447,Monograph,Learning Commons,Gen-nonc,,,,,16 p. : col. ill. ; 26 cm.,3rd ed.,text,Learning Commons,1592422551,9781592422555,1592422551,QC 863.5 .W34 2003,,"Nashua, NH",c2003,2003,Delta Education,,Non-Circulating,Weather - Juvenile literature;Seasons - Juvenile literature;Severe storms;Water cycles;Simple vocabulary for English Language Learners,Weather watching,
QC 863.5 .W34 2003,019448,,,019448,Monograph,Learning Commons,General,,,,,16 p. : col. ill. ; 26 cm.,3rd ed.,text,Learning Commons,1592422551,9781592422555,1592422551,QC 863.5 .W34 2003,,"Nashua, NH",c2003,2003,Delta Education,,Available,Weather - Juvenile literature;Seasons - Juvenile literature;Severe storms;Water cycles;Simple vocabulary for English Language Learners,Weather watching,
GB 651 B11 2009,020247,,,020247,Monograph,Learning Commons,General,,,,,p. cm.,,text,Learning Commons,9780520259348,9780520259348,0520259343,GB 651 B11 2009,,,2009,2009,Univ of California Pr,,Available,Atlas - water - resources;Resources,The Atlas of Water Mapping the World's Most Critical Resource.,
F 869 .S347 D45 2009,1446,"Delgado, James P","Delgado, James P",B1446,Monograph,Bay Observatory,Gen-nonc,,,,,"xiv, 238 p., [24] p. of plates : ill., maps ; 24 cm.",,text,Bay Observatory,9780520255807 (cloth : alk. paper),9780520255807,0520255801,F 869 .S347 D45 2009,2008034388,Berkeley,c2009,2009,University of California Press,,Non-Circulating,Waterfronts - California - San Francisco - History;Harbors - California - San Francisco - History;Archaeology and history - California - San Francisco;Urban archaeology - California - San Francisco;San Francisco (Calif.) - Antiquities;San Francisco (Calif.) - Commerce - History;San Francisco <Calif.>,Gold rush port : the maritime archaeology of San Francisco's waterfront,
TD 224 .C3 C3723 2009,1448,"Carle, David","Carle, David",B1448,Monograph,Bay Observatory,Gen-nonc,,,,,"xxvii, 261 p. : ill. (chiefly col.), col. maps ; 19 cm.",Updated /,text,Bay Observatory,9780520260160 (pbk.),9780520260160,0520260163,TD 224 .C3 C3723 2009,2010485096,Berkeley,c2009,2009,University of California Press,California natural history guides ;; no. 76,Non-Circulating,Water-supply - California;Hydrology - California;Water-supply - California - Management,Introduction to water in California,
F 869 .S36 M58 2010,1461,"Olmsted, Nancy","Olmsted, Nancy;Carlsson, Chris;Isaacson, Bob, conservationist",B1461,Monograph,Bay Observatory,Gen-nonc,,Mission Creek Conservancy,,,"ix, 134 p., [1] folded leaf : ill., maps ; 29 cm.","2nd ed., rev. and expanded /",text,Bay Observatory,9780961149215,9780961149215,0961149213,F 869 .S36 M58 2010,,"San Francisco, Calif.",c2010,2010,Mission Creek Conservancy,,Non-Circulating,"Waterfronts - California - San Francisco - History;Mission Bay (San Francisco, Calif.) - History;San Francisco (Calif.) - History",Vanished waters : a history of San Francisco's Mission Bay,
TD 224 .C3 M33 2000,1480,"McClurg, Sue","McClurg, Sue",B1480,Monograph,Bay Observatory,Gen-nonc,,,,,"167 p. : ill. (some col.), col. maps ; 22 x30 cm.",,text,Bay Observatory,1890771333 (pbk.),9781890771331,1890771333,TD 224 .C3 M33 2000,00009145,"Sacramento, CA",c2000,2000,Water Education Foundation :;Distributed to the trade by Heyday Books,,Non-Circulating,Water-supply - California - Management - History;Water resources development - California - History;Water-supply engineering - California - History;California - History,"Water & the shaping of California : a literary, political, and technological perspective on the power of water, and how the effort to control it has transformed the state",Water and the shaping of California
,1485,"Ramirez-Herrera, M. Teresa","Ramirez-Herrera, M. Teresa;Sowers, Janet M;Richard, Christopher M",B1485,Monograph,Bay Observatory,Gen-nonc,,Oakland Museum of California;San Francisco Estuary Institute,,,1 map : col. ; on sheet 92 x 61 cm.,,text,Bay Observatory,1882140338,9781882140336,1882140338,,,"Oakland, Calif.",2007,2007,Oakland Museum of California,,Non-Circulating,Rivers - California - San Francisco - Maps;Watersheds - California - San Francisco - Maps;San Francisco (Calif.) - Maps,Creek & watershed map of San Francisco,Creek and watershed map of San Francisco
G 4362 .S336 C3 2005,1487,"Grossinger, Robin","Grossinger, Robin;Askevold, Ruth",B1487,Monograph,Bay Observatory,Gen-nonc,,Oakland Museum of California;San Francisco Estuary Institute,,,"1 map : col. ; 41 x 85 cm., on sheet 61 x 92 cm.",,text,Bay Observatory,,,,G 4362 .S336 C3 2005,,"Oakland, CA",c2005,2005,Oakland Museum of California,,Non-Circulating,Rivers - California - San Francisco Bay - Maps;Watersheds - California - San Francisco Bay - Maps;Wetlands - California - San Francisco Bay - Maps;San Francisco Bay (Calif.) - Maps,Baylands & creeks of South San Francisco Bay,"Conversion to salt ponds, 1850s to 1950s.;Baylands and creeks of South San Francisco Bay;South Bay Circa 1850."
G 4364 .O2 C3 1995,1488,"Sowers, Janet M","Sowers, Janet M;Mosher, Carolyn J",B1488,Monograph,Bay Observatory,Gen-nonc,,Oakland Museum;San Francisco Estuary Institute,,,"1 map : col. ; on sheet 62 x 92 cm., folded in folder 21 x 12 cm.","1993, rev. 1995.",text,Bay Observatory,1882140117,9781882140114,1882140117,G 4364 .O2 C3 1995,,"Oakland, Calif.",1995,1995,Oakland Museum of California,,Non-Circulating,Rivers - California - Oakland - Maps;Rivers - California - Berkeley - Maps;Rivers - California - Albany - Maps;Watersheds - California - Oakland - Maps;Watersheds - California - Berkeley - Maps;Watersheds - California - Albany - Maps,Creek & watershed map of Oakland & Berkeley,Creek and watershed map of Oakland and Berkeley;Creeks of the East Bay
G 4364 .R6 .S6C3 2006,1491,"Sowers, Janet M","Sowers, Janet M",B1491,Monograph,Bay Observatory,Gen-nonc,,Oakland Museum of California,,,1 map : col. ; on sheet 92 x 61 cm.,,text,Bay Observatory,188214029X,9781882140299,188214029X,G 4364 .R6 .S6C3 2006,,"Oakland, Calif.",2006,2006,Oakland Museum of California,,Non-Circulating,Rivers - California - Contra Costa County - Maps;Rivers - California - Richmond - Maps;Watersheds - California - Contra Costa County - Maps;Watersheds - California - Richmond - Maps;Contra Costa County (Calif.) - Maps;Richmond (Calif.) - Maps,Creek & watershed map of Richmond & vicinity,"Creek and watershed map of Richmond and vicinity;West Contra Costa watersheds.;West Contra Costa waterscape[s] circa 1800, 1900 and 2000.;Historic creeks of the Baxter Creek Watershed."
QC 183 .G675,020731,"Gold-Dworkin, Heidi","Gold-Dworkin, Heidi",020731,Monograph,Learning Commons,Activity,,,,,58 p. : col. ill. ; 28 cm.,,text,Learning Commons,0071348239 (pbk.) :,9780071348232,0071348239,QC 183 .G675,,New York,c2000,2000,McGraw-Hill,,Available,Water - Juvenile literature;Bubbles - Juvenile literature;Water - Experiments - Juvenile literature;Bubbles - Experiments - Juvenile literature,Fun with water and bubbles,
F 869 .S357 R83 2011,1508,"Rubin, M. Jasper","Rubin, M. Jasper",B1508,Monograph,Bay Observatory,General,,,,,"xv, 338 p. : ill., maps ; 24 cm.",1st ed.,text,Bay Observatory,9781935195283 (acid-free paper),9781935195283,193519528X,F 869 .S357 R83 2011,2011018494,"Chicago, Ill.",2011,2011,Center for American Places at Columbia College Chicago,,Non-Circulating,Waterfronts - California - San Francisco - History;Harbors - California - San Francisco - History;Landscapes - California - San Francisco - History;Social change - California - San Francisco - History;City planning - California - San Francisco - History;Architecture - California - San Francisco - History;San Francisco (Calif.) - History;San Francisco (Calif.) - Social conditions;San Francisco (Calif.) - Politics and government,A negotiated landscape : the transformation of San Francisco's waterfront since 1950,
